{
  "format-version" : 2,
  "table-uuid" : "03c15b3d-b472-456b-9d4e-c732dfc02f23",
  "location" : "file:///Users/mrunal_kiran/Desktop/Assignments/Sem2/Data Warehousing/ApacheIceberg/default/events",
  "last-sequence-number" : 0,
  "last-updated-ms" : 1744836121824,
  "last-column-id" : 10,
  "current-schema-id" : 0,
  "schemas" : [ {
    "type" : "struct",
    "schema-id" : 0,
    "fields" : [ {
      "id" : 1,
      "name" : "id",
      "required" : false,
      "type" : "int"
    }, {
      "id" : 2,
      "name" : "event_type",
      "required" : false,
      "type" : "string"
    }, {
      "id" : 3,
      "name" : "event_date",
      "required" : false,
      "type" : "date"
    }, {
      "id" : 4,
      "name" : "user_id",
      "required" : false,
      "type" : "string"
    }, {
      "id" : 5,
      "name" : "session_id",
      "required" : false,
      "type" : "string"
    }, {
      "id" : 6,
      "name" : "revenue",
      "required" : false,
      "type" : "double"
    }, {
      "id" : 7,
      "name" : "country",
      "required" : false,
      "type" : "string"
    }, {
      "id" : 8,
      "name" : "browser",
      "required" : false,
      "type" : "string"
    }, {
      "id" : 9,
      "name" : "os",
      "required" : false,
      "type" : "string"
    }, {
      "id" : 10,
      "name" : "device",
      "required" : false,
      "type" : "string"
    } ]
  } ],
  "default-spec-id" : 0,
  "partition-specs" : [ {
    "spec-id" : 0,
    "fields" : [ {
      "name" : "event_date",
      "transform" : "identity",
      "source-id" : 3,
      "field-id" : 1000
    } ]
  } ],
  "last-partition-id" : 1000,
  "default-sort-order-id" : 0,
  "sort-orders" : [ {
    "order-id" : 0,
    "fields" : [ ]
  } ],
  "properties" : {
    "owner" : "mrunal_kiran",
    "write.parquet.compression-codec" : "zstd"
  },
  "current-snapshot-id" : -1,
  "refs" : { },
  "snapshots" : [ ],
  "statistics" : [ ],
  "snapshot-log" : [ ],
  "metadata-log" : [ ]
}