{
  "format-version" : 2,
  "table-uuid" : "03c15b3d-b472-456b-9d4e-c732dfc02f23",
  "location" : "file:///Users/mrunal_kiran/Desktop/Assignments/Sem2/Data Warehousing/ApacheIceberg/default/events",
  "last-sequence-number" : 3,
  "last-updated-ms" : 1744838292367,
  "last-column-id" : 11,
  "current-schema-id" : 1,
  "schemas" : [ {
    "type" : "struct",
    "schema-id" : 0,
    "fields" : [ {
      "id" : 1,
      "name" : "id",
      "required" : false,
      "type" : "int"
    }, {
      "id" : 2,
      "name" : "event_type",
      "required" : false,
      "type" : "string"
    }, {
      "id" : 3,
      "name" : "event_date",
      "required" : false,
      "type" : "date"
    }, {
      "id" : 4,
      "name" : "user_id",
      "required" : false,
      "type" : "string"
    }, {
      "id" : 5,
      "name" : "session_id",
      "required" : false,
      "type" : "string"
    }, {
      "id" : 6,
      "name" : "revenue",
      "required" : false,
      "type" : "double"
    }, {
      "id" : 7,
      "name" : "country",
      "required" : false,
      "type" : "string"
    }, {
      "id" : 8,
      "name" : "browser",
      "required" : false,
      "type" : "string"
    }, {
      "id" : 9,
      "name" : "os",
      "required" : false,
      "type" : "string"
    }, {
      "id" : 10,
      "name" : "device",
      "required" : false,
      "type" : "string"
    } ]
  }, {
    "type" : "struct",
    "schema-id" : 1,
    "fields" : [ {
      "id" : 1,
      "name" : "id",
      "required" : false,
      "type" : "int"
    }, {
      "id" : 2,
      "name" : "event_type",
      "required" : false,
      "type" : "string"
    }, {
      "id" : 3,
      "name" : "event_date",
      "required" : false,
      "type" : "date"
    }, {
      "id" : 4,
      "name" : "user_id",
      "required" : false,
      "type" : "string"
    }, {
      "id" : 5,
      "name" : "session_id",
      "required" : false,
      "type" : "string"
    }, {
      "id" : 6,
      "name" : "revenue",
      "required" : false,
      "type" : "double"
    }, {
      "id" : 7,
      "name" : "country",
      "required" : false,
      "type" : "string"
    }, {
      "id" : 8,
      "name" : "browser",
      "required" : false,
      "type" : "string"
    }, {
      "id" : 9,
      "name" : "os",
      "required" : false,
      "type" : "string"
    }, {
      "id" : 10,
      "name" : "device",
      "required" : false,
      "type" : "string"
    }, {
      "id" : 11,
      "name" : "region",
      "required" : false,
      "type" : "string"
    } ]
  } ],
  "default-spec-id" : 0,
  "partition-specs" : [ {
    "spec-id" : 0,
    "fields" : [ {
      "name" : "event_date",
      "transform" : "identity",
      "source-id" : 3,
      "field-id" : 1000
    } ]
  } ],
  "last-partition-id" : 1000,
  "default-sort-order-id" : 0,
  "sort-orders" : [ {
    "order-id" : 0,
    "fields" : [ ]
  } ],
  "properties" : {
    "owner" : "mrunal_kiran",
    "write.parquet.compression-codec" : "zstd"
  },
  "current-snapshot-id" : 7394239688387190375,
  "refs" : {
    "main" : {
      "snapshot-id" : 7394239688387190375,
      "type" : "branch"
    }
  },
  "snapshots" : [ {
    "sequence-number" : 1,
    "snapshot-id" : 4764913641537624912,
    "timestamp-ms" : 1744836256497,
    "summary" : {
      "operation" : "append",
      "spark.app.id" : "local-1744835976176",
      "added-data-files" : "30",
      "added-records" : "5000",
      "added-files-size" : "148345",
      "changed-partition-count" : "30",
      "total-records" : "5000",
      "total-files-size" : "148345",
      "total-data-files" : "30",
      "total-delete-files" : "0",
      "total-position-deletes" : "0",
      "total-equality-deletes" : "0"
    },
    "manifest-list" : "file:/Users/mrunal_kiran/Desktop/Assignments/Sem2/Data Warehousing/ApacheIceberg/default/events/metadata/snap-4764913641537624912-1-3a6fa716-5161-4d40-aae1-71feb1d60c44.avro",
    "schema-id" : 0
  }, {
    "sequence-number" : 2,
    "snapshot-id" : 2190596988874752165,
    "parent-snapshot-id" : 4764913641537624912,
    "timestamp-ms" : 1744837031128,
    "summary" : {
      "operation" : "append",
      "spark.app.id" : "local-1744835976176",
      "added-data-files" : "1",
      "added-records" : "1",
      "added-files-size" : "2872",
      "changed-partition-count" : "1",
      "total-records" : "5001",
      "total-files-size" : "151217",
      "total-data-files" : "31",
      "total-delete-files" : "0",
      "total-position-deletes" : "0",
      "total-equality-deletes" : "0"
    },
    "manifest-list" : "file:/Users/mrunal_kiran/Desktop/Assignments/Sem2/Data Warehousing/ApacheIceberg/default/events/metadata/snap-2190596988874752165-1-89075512-54f6-45b8-9897-46fa09b96021.avro",
    "schema-id" : 1
  }, {
    "sequence-number" : 3,
    "snapshot-id" : 7394239688387190375,
    "parent-snapshot-id" : 2190596988874752165,
    "timestamp-ms" : 1744838292367,
    "summary" : {
      "operation" : "overwrite",
      "spark.app.id" : "local-1744835976176",
      "added-data-files" : "30",
      "deleted-data-files" : "30",
      "added-records" : "5000",
      "deleted-records" : "5000",
      "added-files-size" : "159864",
      "removed-files-size" : "148345",
      "changed-partition-count" : "30",
      "total-records" : "5001",
      "total-files-size" : "162736",
      "total-data-files" : "31",
      "total-delete-files" : "0",
      "total-position-deletes" : "0",
      "total-equality-deletes" : "0"
    },
    "manifest-list" : "file:/Users/mrunal_kiran/Desktop/Assignments/Sem2/Data Warehousing/ApacheIceberg/default/events/metadata/snap-7394239688387190375-1-f447dcdc-9a1a-48a5-995e-a2df198e3d61.avro",
    "schema-id" : 1
  } ],
  "statistics" : [ ],
  "snapshot-log" : [ {
    "timestamp-ms" : 1744836256497,
    "snapshot-id" : 4764913641537624912
  }, {
    "timestamp-ms" : 1744837031128,
    "snapshot-id" : 2190596988874752165
  }, {
    "timestamp-ms" : 1744838292367,
    "snapshot-id" : 7394239688387190375
  } ],
  "metadata-log" : [ {
    "timestamp-ms" : 1744836121824,
    "metadata-file" : "file:/Users/mrunal_kiran/Desktop/Assignments/Sem2/Data Warehousing/ApacheIceberg/default/events/metadata/v1.metadata.json"
  }, {
    "timestamp-ms" : 1744836256497,
    "metadata-file" : "file:/Users/mrunal_kiran/Desktop/Assignments/Sem2/Data Warehousing/ApacheIceberg/default/events/metadata/v2.metadata.json"
  }, {
    "timestamp-ms" : 1744837030819,
    "metadata-file" : "file:/Users/mrunal_kiran/Desktop/Assignments/Sem2/Data Warehousing/ApacheIceberg/default/events/metadata/v3.metadata.json"
  }, {
    "timestamp-ms" : 1744837031128,
    "metadata-file" : "file:/Users/mrunal_kiran/Desktop/Assignments/Sem2/Data Warehousing/ApacheIceberg/default/events/metadata/v4.metadata.json"
  } ]
}